{
  "hash": "85fcad39",
  "configHash": "3eb484f6",
  "lockfileHash": "e835df2d",
  "browserHash": "b5f0e5fa",
  "optimized": {
    "@angular/core": {
      "src": "../../../../../../node_modules/@angular/core/fesm2022/core.mjs",
      "file": "@angular_core.js",
      "fileHash": "b51c71ce",
      "needsInterop": false
    },
    "@angular/platform-browser": {
      "src": "../../../../../../node_modules/@angular/platform-browser/fesm2022/platform-browser.mjs",
      "file": "@angular_platform-browser.js",
      "fileHash": "cceb6504",
      "needsInterop": false
    },
    "@angular/router": {
      "src": "../../../../../../node_modules/@angular/router/fesm2022/router.mjs",
      "file": "@angular_router.js",
      "fileHash": "c46c3915",
      "needsInterop": false
    },
    "zone.js": {
      "src": "../../../../../../node_modules/zone.js/fesm2015/zone.js",
      "file": "zone__js.js",
      "fileHash": "daafb443",
      "needsInterop": true
    },
    "@angular/common": {
      "src": "../../../../../../node_modules/@angular/common/fesm2022/common.mjs",
      "file": "@angular_common.js",
      "fileHash": "2c9fab40",
      "needsInterop": false
    }
  },
  "chunks": {
    "chunk-YUZ6PTVZ": {
      "file": "chunk-YUZ6PTVZ.js"
    },
    "chunk-QNLZ4HSY": {
      "file": "chunk-QNLZ4HSY.js"
    },
    "chunk-4C7JCK5L": {
      "file": "chunk-4C7JCK5L.js"
    },
    "chunk-WDMUDEB6": {
      "file": "chunk-WDMUDEB6.js"
    }
  }
}